First Name,Last Name,Email,Phone,Gender,Blood Group,Address
Rajesh,Kumar,rajesh.k@example.com,9876543210,male,O+,Sector 15, Chandigarh
Anita,Sharma,anita.s@example.com,9812345678,female,A+,Flat 402, Green Valley, Pune
Sanjay,Patel,sanjay.p@example.com,9765432109,male,B+,B-12, Heritage Apartments, Ahmedabad
Meera,Nair,meera.n@example.com,9988776655,female,O-,House No 45, Indiranagar, Bangalore
Vikram,Singh,vikram.s@example.com,9543210987,male,AB+,Near City Mall, Jaipur
Sunita,Verma,sunita.v@example.com,9432109876,female,B-,Street No 3, Civil Lines, Delhi
Karthik,Iyer,karthik.i@example.com,9321098765,male,A-,Poes Garden, Chennai
Pooja,Desai,pooja.d@example.com,9210987654,female,O+,Marine Drive, Mumbai
Arjun,Reddy,arjun.r@example.com,9109876543,male,AB-,Banjara Hills, Hyderabad
Deepa,Gupta,deepa.g@example.com,9098765432,female,B+,Gomti Nagar, Lucknow
